form	lemma	POS	morph
༄༅།		PUNCT
		
།		PUNCT
ཚེ་	ཚེ་	NOUN
ལྷ་	ལྷ་	NOUN
རྣམ་	རྣམ་	NOUN
གསུམ་	གསུམ་	NUM
ལ་	ལ་	PART
བསྟེན་པ་	བསྟེན་པ་	VERB
འི་	གི་	PART
བླ་མ་	བླ་མ་	NOUN
འི་	གི་	PART
རྣལ་འབྱོར་	རྣལ་འབྱོར་	NOUN
འཆི་མེད་	འཆི་མེད་	NOUN
གྲུབ་པ་	གྲུབ་པ་	VERB
འི་	གི་	PART
གསེང་ལམ་	གསེང་ལམ་	OTHER
ཞེ་	ཅེས་	PART
བྱ་བ་	བྱ་བ་	VERB
བཞུགས་	བཞུགས་	VERB
སོ་	གོ་	PART
"།
།"		PUNCT
ན་མོ་	ན་མོ་	X
གུ་རུ་	གུ་རུ་	PROPN
ཏྲི་	ཏྲི་	NO_POS
ཨཱ་	ཨཱ་	NO_POS
ཡུརྡེ་		NON_WORD
བེ་	བེ་	NO_POS
བྷྱཿ་		NON_WORD
བླ་མ་	བླ་མ་	NOUN
ཚེ་	ཚེ་	NOUN
ལྷ་	ལྷ་	NOUN
འི་	གི་	PART
རྣལ་འབྱོར་	རྣལ་འབྱོར་	NOUN
ལ་	ལ་	PART
།		PUNCT
		
།		PUNCT
བརྟེན་	བརྟེན་	VERB
ན་	ནས་	PART
འཆི་མེད་	འཆི་མེད་	NOUN
འགྲུབ་	འགྲུབ་	VERB
འདོད་	འདོད་	VERB
ན་	ལ་	PART
།		PUNCT
		
།		PUNCT
ངེས་འབྱུང་	ངེས་འབྱུང་	NOUN
བྱང་ཆུབ་	བྱང་ཆུབ་	NOUN
སེམས་	སེམས་	NOUN
ཀྱི་	གི་	PART
བློ་	བློ་	NOUN
ས་	གིས་	PART
"།
།"		PUNCT
སྐྱབས་སེམས་	སྐྱབས་སེམས་	NO_POS
སྔོན་	སྔོན་	ADV
སོང་	སོང་	VERB
འདི་ལྟར་	འདི་ལྟར་	NO_POS
བསྒོམ་	བསྒོམ་	VERB
།		PUNCT
		
།		PUNCT
ཨོཾ་	ཨོཾ་	X
ཤཱུནྱ་		NON_WORD
ཏཱ་	ཏཱ་	NO_POS
ཛྙཱ་ན་	ཛྙཱ་ན་	PROPN
བཛྲ་	བཛྲ་	NO_POS
སྭ་		NON_WORD
བྷཱ་		NON_WORD
ཝ་	ཝ་	OTHER
ཨཱཏྨ་		NON_WORD
ཀོ྅་		NON_WORD
ཧཾ་		NON_WORD
།		PUNCT
སྣོད་བཅུད་	སྣོད་བཅུད་	NOUN
ཐམས་ཅད་	ཐམས་ཅད་	DET
མི་	མི་	PART
དམིགས་	དམིགས་	VERB
འོད་གསལ་	འོད་གསལ་	NOUN
ངང་	ངང་	NOUN
།		PUNCT
		
།		PUNCT
ཟུང་འཇུག་	ཟུང་འཇུག་	NOUN
ཏིང་ངེ་འཛིན་	ཏིང་ངེ་འཛིན་	NOUN
གྱི་	གི་	PART
རྣམ་	རྣམ་	NOUN
རོལ་	རོལ་	VERB
ལ་	ལ་	ADP
ས་	གིས་	PART
།		PUNCT
		
།		PUNCT
ཕྱི་	ཕྱི་	NOUN
སྣོད་	སྣོད་	NOUN
དག་པ་	དག་པ་	VERB
འི་	གི་	PART
ཞིང་ཁམས་	ཞིང་ཁམས་	NOUN
བདེ་བ་	བདེ་བ་	VERB
ཅན་	ཅན་	PART
།		PUNCT
		
།		PUNCT
ཡིད་འཕྲོག་	ཡིད་འཕྲོག་	ADJ
ངོ་མཚར་	ངོ་མཚར་	ADJ
བཀོད་པ་	བཀོད་པ་	VERB
ས་	གིས་	PART
མཛེས་པ་	མཛེས་པ་	VERB
འི་	གི་	PART
གཞི་	གཞི་	NOUN
ར་	ལ་	PART
།		PUNCT
		
།		PUNCT
རང་ཉིད་	རང་ཉིད་	OTHER
ཐ་མལ་	ཐ་མལ་	ADJ
གསལ་བ་	གསལ་བ་	VERB
འི་	གི་	PART
སྤྱི་བོ་	སྤྱི་བོ་	NOUN
རུ་	ལ་	PART
།		PUNCT
		
།		PUNCT
ཕུན་ཚོགས་	ཕུན་ཚོགས་	ADJ
མཆོད་སྤྲིན་	མཆོད་སྤྲིན་	OTHER
རྒྱ་མཚོ་	རྒྱ་མཚོ་	NOUN
འཁྲིགས་པ་	འཁྲིགས་པ་	VERB
འི་	གི་	PART
དབུ་	དབུ་	NOUN
།		PUNCT
		
།		PUNCT
པད་དཀར་	པད་དཀར་	OTHER
ཟླ་	ཟླ་	NOUN
སྟེང་	སྟེང་	NOUN
རྩ་བ་	རྩ་བ་	NOUN
འི་	གི་	PART
བླ་མ་	བླ་མ་	NOUN
ནི་	ནི་	NO_POS
།		PUNCT
		
།		PUNCT
རྣམ་པ་	རྣམ་པ་	NOUN
ཚེ་	ཚེ་	NOUN
དང་	དང་	NO_POS
ཡེ་ཤེས་	ཡེ་ཤེས་	NOUN
མཆོག་	མཆོག་	ADJ
སྩོལ་	སྩོལ་	VERB
ཕྱི་	ཕྱི་	OTHER
།		PUNCT
		
།		PUNCT
བཅོམ་ལྡན་	བཅོམ་ལྡན་	NOUN
འཕགས་མ་	འཕགས་མ་	OTHER
ཡིད་བཞིན་	ཡིད་བཞིན་	OTHER
འཁོར་ལོ་	འཁོར་ལོ་	NOUN
འི་	གི་	PART
ཚུལ་	ཚུལ་	NOUN
།		PUNCT
		
།		PUNCT
དྲི་མེད་	དྲི་མེད་	ADJ
ཟླ་བ་	ཟླ་བ་	NOUN
ནོར་བུ་	ནོར་བུ་	NOUN
འི་	གི་	PART
མཚན་དཔེ་	མཚན་དཔེ་	NOUN
ལ་	ལ་	PART
།		PUNCT
		
།		PUNCT
རབ་	རབ་	ADV
ཞི་	ཞི་	VERB
བརྒྱད་	བརྒྱད་	NUM
གཉིས་	གཉིས་	NUM
ལང་ཚོ་	ལང་ཚོ་	OTHER
འི་	གི་	PART
མཚར་སྡུག་	མཚར་སྡུག་	NO_POS
ཅན་	ཅན་	PART
།		PUNCT
		
།		PUNCT
ཞལ་	ཞལ་	NOUN
གཅིག་	གཅིག་	NUM
ཕྱག་	ཕྱག་	NOUN
གཉིས་	གཉིས་	NUM
སྤྱན་	སྤྱན་	NOUN
གསུམ་	གསུམ་	NUM
ཕྱག་	ཕྱག་	NOUN
ཞབས་	ཞབས་	NOUN
ཀྱི་	གི་	PART
།		PUNCT
		
།		PUNCT
མཐིལ་	མཐིལ་	NOUN
བཞི་	བཞི་	NUM
ར་	ལ་	PART
ཡེ་ཤེས་	ཡེ་ཤེས་	NOUN
སྤྱན་	སྤྱན་	NOUN
རེ་	རེ་	NOUN
མཚན་པ་	མཚན་པ་	VERB
སྟེ་	སྟེ་	PART
།		PUNCT
		
།		PUNCT
བྱང་ཆུབ་	བྱང་ཆུབ་	NOUN
ཡན་ལག་	ཡན་ལག་	NOUN
བདུན་	བདུན་	NUM
གྱི་	གི་	PART
གཟིགས་པ་	གཟིགས་པ་	VERB
ས་	གིས་	PART
མཛེ་	མཛེ་	VERB
།		PUNCT
		
།		PUNCT
ཕྱག་	ཕྱག་	NOUN
གཡའ་	གཡའ་	NOUN
མཆོག་སྦྱིན་	མཆོག་སྦྱིན་	NOUN
རྫོགས་	རྫོགས་	VERB
ལྡན་	ལྡན་	VERB
སྤྲིན་ཆེན་	སྤྲིན་ཆེན་	OTHER
ལ་	ལ་	ADP
ས་	གིས་	PART
།		PUNCT
		
།		PUNCT
ཕན་	ཕན་	NOUN
དང་	དང་	NO_POS
བདེ་བ་	བདེ་བ་	VERB
འི་	གི་	PART
དངོ་	དངོ་	NOUN
ཀུན་	ཀུན་	DET
ཆ་	ཆ་	NOUN
ར་	ལ་	PART
དུ་	ལ་	PART
འབེབ་		NON_WORD
།		PUNCT
		
།		PUNCT
གཡོན་པ་	གཡོན་པ་	ADJ
ས་	གིས་	PART
དུས་གསུམ་	དུས་གསུམ་	OTHER
དེ་བཞིན་	དེ་བཞིན་	OTHER
གཤེགས་	གཤེགས་	VERB
མཚོན་པ་	མཚོན་པ་	VERB
ས་	གིས་	PART
།		PUNCT
		
།		PUNCT
ཨུཏྤལ་	ཨུཏྤལ་	NO_POS
བསྣམས་པ་	བསྣམས་པ་	NO_POS
ས་	གིས་	PART
སྲིད་ཞི་	སྲིད་ཞི་	NOUN
འི་	གི་	PART
འཇིགས་པ་	འཇིགས་པ་	VERB
འཕྲོག་	འཕྲོག་	VERB
		
།		PUNCT
དར་དཀར་	དར་དཀར་	NOUN
སྟོད་གཡོགས་	སྟོད་གཡོགས་	NOUN
དམར་པོ་	དམར་པོ་	ADJ
འི་	གི་	PART
ཤམ་ཐབས་	ཤམ་ཐབས་	NOUN
དང་	དང་	NO_POS
།		PUNCT
		
།		PUNCT
ནོར་བུ་	ནོར་བུ་	NOUN
རིན་ཆེན་	རིན་ཆེན་	OTHER
སྣ་ཚོགས་	སྣ་ཚོགས་	DET
རྒྱན་	རྒྱན་	NOUN
གྱིས་	གིས་	PART
སྤྲ་	སྤྲ་	NO_POS
ས་	གིས་	PART
།		PUNCT
		
།		PUNCT
ཟླ་བ་	ཟླ་བ་	NOUN
ར་	ལ་	PART
རྒྱབ་རྟེན་	རྒྱབ་རྟེན་	NOUN
རྡོ་རྗེ་	རྡོ་རྗེ་	NOUN
འི་	གི་	PART
སྐྱིལ་ཀྲུང་	སྐྱིལ་ཀྲུང་	NOUN
བཞུགས་	བཞུགས་	VERB
།		PUNCT
		
།		PUNCT
དེ་	སྟེ་	PART
ཡི་	གི་	PART
སྤྱི་བོ་	སྤྱི་བོ་	NOUN
ར་	ལ་	PART
རིགས་	རིགས་	NOUN
བདག་	བདག་	PRON
ཚེ་	ཚེ་	NOUN
དཔག་མེད་	དཔག་མེད་	ADJ
།		PUNCT
		
།		PUNCT
དཀར་དམར་	དཀར་དམར་	OTHER
མདངས་	མདངས་	NOUN
ཅན་	ཅན་	PART
མཉམ་	མཉམ་	VERB
གཞག་	གཞག་	VERB
ཚེ་བུམ་	ཚེ་བུམ་	NO_POS
འཛིན་	འཛིན་	VERB
།		PUNCT
		
།		PUNCT
མཚན་དཔེ་	མཚན་དཔེ་	NOUN
འི་	གི་	PART
དཔལ་འབར་	དཔལ་འབར་	PROPN
ད་	ད་	NOUN
དང་	དང་	NO_POS
རིན་ཆེན་	རིན་ཆེན་	OTHER
བརྒྱན་	བརྒྱན་	VERB
།		PUNCT
		
།		PUNCT
ཞབས་	ཞབས་	NOUN
གཉིས་	གཉིས་	NUM
རྡོ་རྗེ་	རྡོ་རྗེ་	NOUN
འི་	གི་	PART
སྐྱིལ་ཀྲུང་	སྐྱིལ་ཀྲུང་	NOUN
པད་	པད་	NO_POS
ཟླ་	ཟླ་	NOUN
ར་	ལ་	PART
རོལ་	རོལ་	VERB
།		PUNCT
		
།		PUNCT
གཙུག་ཏོར་	གཙུག་ཏོར་	PROPN
ལ་	ལ་	ADP
ས་	གིས་	PART
སྐྱེ་	སྐྱེ་	VERB
འོད་	འོད་	NOUN
ཀྱི་	གི་	PART
ཕུང་པོ་	ཕུང་པོ་	NOUN
འི་	གི་	PART
དབུ་	དབུ་	NOUN
།		PUNCT
		
།		PUNCT
འཕགས་མ་	འཕགས་མ་	OTHER
རྣམ་པ་	རྣམ་པ་	NOUN
ར་	ལ་	PART
རྒྱལ་མ་	རྒྱལ་མ་	OTHER
སྟོན་	སྟོན་	VERB
ཟླ་	ཟླ་	NOUN
འི་	གི་	PART
མདོག་	མདོག་	NOUN
		
།		PUNCT
དཀར་སེར་	དཀར་སེར་	NO_POS
སྔོ་བ་	སྔོ་བ་	VERB
འི་	གི་	PART
ཞལ་	ཞལ་	NOUN
གསུམ་	གསུམ་	NUM
ཕྱག་	ཕྱག་	NOUN
བརྒྱད་	བརྒྱད་	NUM
མ་	མ་	PART
།		PUNCT
		
།		PUNCT
ཞལ་	ཞལ་	NOUN
རེ་	རེ་	DET
ར་	ལ་	PART
རབ་ཏུ་	རབ་ཏུ་	NO_POS
རྒྱས་པ་	རྒྱས་པ་	VERB
འི་	གི་	PART
སྤྱན་	སྤྱན་	NOUN
གསུམ་	གསུམ་	NUM
མཛེ་	མཛེ་	VERB
།		PUNCT
		
།		PUNCT
ཕྱག་	ཕྱག་	NOUN
གཡའ་	གཡའ་	NOUN
དང་པོ་	དང་པོ་	ADJ
ས་	གིས་	PART
སྣ་ཚོགས་	སྣ་ཚོགས་	DET
རྡོ་རྗེ་	རྡོ་རྗེ་	NOUN
དང་	དང་	NO_POS
།		PUNCT
		
།		PUNCT
གཉིས་པ་	གཉིས་པ་	NUM
ས་	གིས་	PART
པད་དཀར་	པད་དཀར་	OTHER
ལ་	ལ་	PART
གནས་	གནས་	NOUN
འོད་	འོད་	NOUN
དཔག་མེད་	དཔག་མེད་	ADJ
།		PUNCT
		
།		PUNCT
གསུམ་པ་	གསུམ་པ་	NUM
ས་	གིས་	PART
མདའ་	མདའ་	NOUN
དང་	དང་	NO_POS
བཞི་པ་	བཞི་པ་	ADJ
ས་	གིས་	PART
མཆོག་སྦྱིན་	མཆོག་སྦྱིན་	NOUN
མཛད་	མཛད་	VERB
།		PUNCT
		
།		PUNCT
གཡོན་	གཡོན་	NOUN
གྱི་	གི་	PART
དང་པོ་	དང་པོ་	ADJ
ས་	གིས་	PART
རྡོ་རྗེ་	རྡོ་རྗེ་	NOUN
འི་	གི་	PART
ཞགས་པ་	ཞགས་པ་	NOUN
དང་	དང་	NO_POS
།		PUNCT
		
།		PUNCT
གཉིས་པ་	གཉིས་པ་	NUM
ས་	གིས་	PART
གཞུ་	གཞུ་	NOUN
དང་	དང་	NO_POS
གསུམ་པ་	གསུམ་པ་	NUM
ས་	གིས་	PART
སྐྱབས་	སྐྱབས་	NOUN
སྦྱིན་	སྦྱིན་	VERB
རྒྱ་	རྒྱ་	NOUN
།		PUNCT
		
།		PUNCT
བཞི་པ་	བཞི་པ་	ADJ
ས་	གིས་	PART
མཉམ་	མཉམ་	VERB
གཞག་	གཞག་	VERB
བདུད་རྩི་	བདུད་རྩི་	NOUN
འི་	གི་	PART
བུམ་པ་	བུམ་པ་	NOUN
བསྣམས་	བསྣམས་	NO_POS
།		PUNCT
		
།		PUNCT
ད་	ད་	NOUN
དང་	དང་	NO_POS
རིན་ཆེན་	རིན་ཆེན་	OTHER
རྒྱན་	རྒྱན་	NOUN
རྫོགས་	རྫོགས་	VERB
སྐྱིལ་ཀྲུང་	སྐྱིལ་ཀྲུང་	NOUN
བཞུགས་	བཞུགས་	VERB
།		PUNCT
		
།		PUNCT
རྣམ་	རྣམ་	NOUN
གསུམ་	གསུམ་	NUM
སྐུ་	སྐུ་	NOUN
ཡི་	གི་	PART
ཆ་ཤས་	ཆ་ཤས་	NOUN
ཐམས་ཅད་	ཐམས་ཅད་	DET
ན་	ནས་	PART
།		PUNCT
		
།		PUNCT
འོད་ཟེར་	འོད་ཟེར་	NOUN
ཕྲེང་བ་	ཕྲེང་བ་	NOUN
དཔག་ཡས་	དཔག་ཡས་	NO_POS
ཕྱོགས་	ཕྱོགས་	NOUN
བཅུ་		
འཕྲོ་	འཕྲོ་	NOUN
།		PUNCT
		
།		PUNCT
དེ་དག་	དེ་དག་	OTHER
རེ་རེ་	རེ་རེ་	DET
འི་	གི་	PART
རྩེ་		
ཡང་དག་པ་	ཡང་དག་པ་	ADJ
འི་	གི་	PART
ཞིང་	ཅིང་	PART
།		PUNCT
		
།		PUNCT
རབ་འབྱམས་	རབ་འབྱམས་	ADJ
རྡུལ་	རྡུལ་	NOUN
གྱི་	གི་	PART
གྲངས་	གྲངས་	NOUN
སྙེད་	སྙེད་	DET
སྣང་བ་	སྣང་བ་	VERB
ན་	ལ་	PART
།		PUNCT
		
།		PUNCT
བླ་མ་	བླ་མ་	NOUN
ཡི་དམ་	ཡི་དམ་	NOUN
སངས་རྒྱས་	སངས་རྒྱས་	NOUN
བྱང་ཆུབ་	བྱང་ཆུབ་	NOUN
སེམས་	སེམས་	NOUN
།		PUNCT
		
།		PUNCT
ཚེ་	ཚེ་	NOUN
ལ་	ལ་	PART
དབང་བ་	དབང་བ་	VERB
འི་	གི་	PART
རིག་འཛིན་	རིག་འཛིན་	OTHER
དྲང་སྲོང་	དྲང་སྲོང་	NOUN
དང་	དང་	NO_POS
།		PUNCT
		
།		PUNCT
ཆོས་སྲུང་	ཆོས་སྲུང་	OTHER
ནོར་ལྷ་	ནོར་ལྷ་	NO_POS
འི་	གི་	PART
ཚོགས་	ཚོགས་	NOUN
ཀུན་	ཀུན་	DET
སྤྲིན་	སྤྲིན་	NOUN
ལྟ་	ལྟ་	OTHER
བཏིབས་		NON_WORD
།		PUNCT
		
།		PUNCT
ཀུན་	ཀུན་	DET
ཀྱང་	ཀྱང་	PART
སྣང་སྟོང་	སྣང་སྟོང་	NO_POS
སྒྱུ་འཕྲུལ་	སྒྱུ་འཕྲུལ་	PROPN
དྲྭ་བ་	དྲྭ་བ་	NON_WORD
འི་	གི་	PART
སྐུ་	སྐུ་	NOUN
འི་	གི་	PART
།		PUNCT
		
།		PUNCT
གནས་	གནས་	NOUN
གསུམ་	གསུམ་	NUM
ཡི་གེ་	ཡི་གེ་	NOUN
གསུམ་	གསུམ་	NUM
གྱིས་	གིས་	PART
མཚན་པ་	མཚན་པ་	VERB
ལ་	ལ་	ADP
ས་	གིས་	PART
།		PUNCT
		
།		PUNCT
འོད་འཕྲོ་	འོད་འཕྲོ་	NO_POS
ས་	གིས་	PART
ཡེ་ཤེས་	ཡེ་ཤེས་	NOUN
སེམས་དཔའ་	སེམས་དཔའ་	NOUN
སྤྱན་	སྤྱན་	NOUN
དྲངས་	དྲངས་	NO_POS
ཐིམ་	ཐིམ་	NO_POS
།		PUNCT
		
།		PUNCT
སྐྱབས་གནས་	སྐྱབས་གནས་	NOUN
ཐམས་ཅད་	ཐམས་ཅད་	DET
འདུས་པ་	འདུས་པ་	VERB
འི་	གི་	PART
ངོ་བོ་	ངོ་བོ་	NOUN
ར་	ལ་	PART
གྱུར་	གྱུར་	VERB
།		PUNCT
		
།		PUNCT
དེ་ནས་	དེ་ནས་	NO_POS
སྤྲོ་	སྤྲོ་	NO_POS
ན་	ལ་	PART
ཡན་ལག་	ཡན་ལག་	NOUN
བདུན་པ་	བདུན་པ་	NUM
རྒྱས་པ་	རྒྱས་པ་	VERB
གཞན་	གཞན་	DET
དང་	དང་	NO_POS
བཅའ་	བཅའ་	VERB
ཕྱག་	ཕྱག་	NOUN
འཚལ་	འཚལ་	VERB
།		PUNCT
		
མཎྜལ་		NON_WORD
ཅི་	ཅི་	NO_POS
ནུས་	ནུས་	VERB
འབུལ་	འབུལ་	NO_POS
།		PUNCT
		
མདོ་	མདོ་	NOUN
ར་	ལ་	PART
བསྡུ་	བསྡུ་	VERB
ན་	ལ་	PART
།		PUNCT
གང་	གང་	NO_POS
གི་	གི་	PART
སོ་སོ་	སོ་སོ་	PRON
ར་	ལ་	PART
རྟོག་པ་	རྟོག་པ་	VERB
འི་	གི་	PART
ཡེ་ཤེས་	ཡེ་ཤེས་	NOUN
ནི་	ནི་	NO_POS
།		PUNCT
		
།		PUNCT
དྲན་པ་	དྲན་པ་	VERB
ས་	གིས་	PART
འཆི་མེད་	འཆི་མེད་	NOUN
མཆོག་	མཆོག་	ADJ
སྩོལ་	སྩོལ་	VERB
ཚེ་	ཚེ་	NOUN
ཡི་	གི་	PART
ལྷ་	ལྷ་	NOUN
ར་	ལ་	PART
།		PUNCT
		
།		PUNCT
ཡོངས་	ཡོངས་	DET
ཤ་	ཤ་	VERB
སྐྱབས་གནས་	སྐྱབས་གནས་	NOUN
ཀུན་	ཀུན་	DET
འདུ་	འདུ་	VERB
བླ་མ་	བླ་མ་	NOUN
ལ་	ལ་	PART
།		PUNCT
		
།		PUNCT
མི་	མི་	PART
ཕྱེད་	ཕྱེད་	NUM
སྙིང་	སྙིང་	NOUN
ན་	ནས་	PART
གུས་པ་	གུས་པ་	VERB
ས་	གིས་	PART
ཕྱག་	ཕྱག་	NOUN
འཚལ་	འཚལ་	VERB
ལོ་	གོ་	PART
།		PUNCT
		
།		PUNCT
འཇིག་རྟེན་	འཇིག་རྟེན་	NOUN
འདྲེན་པ་	འདྲེན་པ་	VERB
འི་	གི་	PART
གཙོ་བོ་	གཙོ་བོ་	ADJ
ཚེ་	ཚེ་	NOUN
དཔག་མེད་	དཔག་མེད་	ADJ
།		PUNCT
		
།		PUNCT
དུས་	དུས་	NOUN
མིན་	མིན་	AUX
འཆི་བ་	འཆི་བ་	VERB
མ་	མ་	PART
ལུས་	ལུས་	NOUN
འཇོམས་པ་	འཇོམས་པ་	VERB
འི་	གི་	PART
དཔལ་	དཔལ་	OTHER
།		PUNCT
		
།		PUNCT
མགོན་མེད་	མགོན་མེད་	NOUN
སྡུག་བསྔལ་	སྡུག་བསྔལ་	NOUN
གྱུར་པ་	གྱུར་པ་	VERB
རྣམས་	རྣམས་	DET
ཀྱི་	གི་	PART
སྐྱབས་	སྐྱབས་	NOUN
།		PUNCT
		
།		PUNCT
སངས་རྒྱས་	སངས་རྒྱས་	NOUN
ཚེ་	ཚེ་	NOUN
དཔག་མེད་	དཔག་མེད་	ADJ
ལ་	ལ་	PART
ཕྱག་	ཕྱག་	NOUN
འཚལ་	འཚལ་	VERB
ལོ་	གོ་	PART
།		PUNCT
		
།		PUNCT
དཔལ་ལྡན་	དཔལ་ལྡན་	ADJ
ལྷ་མོ་	ལྷ་མོ་	NOUN
སྟོན་ཀ་	སྟོན་ཀ་	NOUN
འི་	གི་	PART
ཟླ་བ་	ཟླ་བ་	NOUN
འི་	གི་	PART
མདོག་	མདོག་	NOUN
		
།		PUNCT
ཞལ་	ཞལ་	NOUN
གསུམ་	གསུམ་	NUM
ཕྱག་	ཕྱག་	NOUN
བརྒྱད་	བརྒྱད་	NUM
རབ་	རབ་	ADV
མཛེ་	མཛེ་	VERB
ཞི་	ཞི་	VERB
མ་	མ་	PART
འི་	གི་	PART
སྐུ་	སྐུ་	NOUN
		
།		PUNCT
ཡེ་ཤེས་	ཡེ་ཤེས་	NOUN
དཔག་ཡས་	དཔག་ཡས་	NO_POS
ཚེ་	ཚེ་	NOUN
ཡི་	གི་	PART
མཆོག་	མཆོག་	ADJ
སྩོལ་	སྩོལ་	VERB
མ་	མ་	PART
།		PUNCT
		
།		PUNCT
རྣམ་པ་	རྣམ་པ་	NOUN
ར་	ལ་	PART
རྒྱལ་མ་	རྒྱལ་མ་	OTHER
འི་	གི་	PART
ཞབས་	ཞབས་	NOUN
ལ་	ལ་	PART
ཕྱག་	ཕྱག་	NOUN
འཚལ་	འཚལ་	VERB
ལོ་	གོ་	PART
།		PUNCT
		
།		PUNCT
བདག་	བདག་	PRON
གིས་	གིས་	PART
ཚེ་རབས་	ཚེ་རབས་	NOUN
སྔོན་	སྔོན་	ADV
ན་	ནས་	PART
བསྒྲུབས་པ་	བསྒྲུབས་པ་	VERB
འི་	གི་	PART
ལྷ་	ལྷ་	NOUN
།		PUNCT
		
།		PUNCT
དུས་གསུམ་	དུས་གསུམ་	OTHER
སངས་རྒྱས་	སངས་རྒྱས་	NOUN
ཀུན་	ཀུན་	DET
གྱི་	གི་	PART
ཕྲིན་ལས་	ཕྲིན་ལས་	NOUN
མ་	མ་	PART
།		PUNCT
		
།		PUNCT
རབ་དཀར་	རབ་དཀར་	OTHER
ཞལ་	ཞལ་	NOUN
གཅིག་	གཅིག་	NUM
ཕྱག་	ཕྱག་	NOUN
གཉིས་	གཉིས་	NUM
སྤྱན་	སྤྱན་	NOUN
བདུན་	བདུན་	NUM
མ་	མ་	PART
།		PUNCT
		
།		PUNCT
ཡུམ་	ཡུམ་	NOUN
གྱུར་	གྱུར་	VERB
ཨུཏྤལ་	ཨུཏྤལ་	NO_POS
བསྣམས་	བསྣམས་	NO_POS
ལ་	ལ་	PART
ཕྱག་	ཕྱག་	NOUN
འཚལ་	འཚལ་	VERB
ལོ་	གོ་	PART
།		PUNCT
		
།		PUNCT
གཞན་	གཞན་	DET
ཡང་	ཀྱང་	PART
ཕྱོགས་	ཕྱོགས་	NOUN
བཅུ་	བཅུ་	NUM
འི་	གི་	PART
རྒྱལ་བ་	རྒྱལ་བ་	NOUN
སྲ་	སྲ་	NOUN
བཅའ་	བཅའ་	VERB
དང་	དང་	NO_POS
།		PUNCT
		
།		PUNCT
ཚེ་	ཚེ་	NOUN
ལ་	ལ་	PART
དབང་བ་	དབང་བ་	VERB
འི་	གི་	PART
དྲང་སྲོང་	དྲང་སྲོང་	NOUN
རིག་པ་	རིག་པ་	VERB
འཛིན་	འཛིན་	VERB
།		PUNCT
		
།		PUNCT
ཆོས་སྲུང་	ཆོས་སྲུང་	OTHER
ནོར་ལྷ་	ནོར་ལྷ་	NO_POS
རྒྱ་མཚོ་	རྒྱ་མཚོ་	NOUN
འི་	གི་	PART
ཚོགས་	ཚོགས་	NOUN
བཅའ་	བཅའ་	VERB
ལ་	ལ་	PART
།		PUNCT
		
།		PUNCT
རབ་ཏུ་	རབ་ཏུ་	NO_POS
དང་བ་	དང་བ་	NOUN
འི་	གི་	PART
ཡིད་	ཡིད་	NOUN
ཀྱིས་	གིས་	PART
ཕྱག་	ཕྱག་	NOUN
འཚལ་	འཚལ་	VERB
ལོ་	གོ་	PART
།		PUNCT
		
།		PUNCT
དངོ་	དངོ་	NOUN
འབྱོར་	འབྱོར་	VERB
ཡིད་	ཡིད་	NOUN
སྤྲུལ་	སྤྲུལ་	VERB
མཆོད་སྤྲིན་	མཆོད་སྤྲིན་	OTHER
རྒྱ་མཚོ་	རྒྱ་མཚོ་	NOUN
ས་	གིས་	PART
མཆོད་	མཆོད་	VERB
།		PUNCT
		
།		PUNCT
སྡིག་ལྟུང་	སྡིག་ལྟུང་	OTHER
ཀུན་	ཀུན་	DET
བཤགས་	བཤགས་	NO_POS
དགེ་	དགེ་	NOUN
ལ་	ལ་	PART
རྗེས་	རྗེས་	NOUN
ཡི་	གི་	PART
རང་	རང་	PRON
།		PUNCT
		
།		PUNCT
ཆོས་འཁོར་	ཆོས་འཁོར་	NOUN
བསྐོར་	བསྐོར་	VERB
བཞིན་	བཞིན་	NOUN
བསྐལ་	བསྐལ་	NO_POS
བརྒྱ་	བརྒྱ་	NUM
ར་	ལ་	PART
བཞུགས་	བཞུགས་	VERB
གསོལ་འདེབས་	གསོལ་འདེབས་	NOUN
།		PUNCT
		
།		PUNCT
འདི་	འདི་	DET
ས་	གིས་	PART
མཚོན་	མཚོན་	NOUN
དགེ་ཚོགས་	དགེ་ཚོགས་	NOUN
བྱང་ཆུབ་	བྱང་ཆུབ་	NOUN
སྙིང་པོ་	སྙིང་པོ་	NOUN
ར་	ལ་	PART
བསྔོ་	བསྔོ་	VERB
།		PUNCT
		
།		PUNCT
ལན་	ལན་	NOUN
གསུམ་	གསུམ་	NUM
།		PUNCT
དེ་ལྟ་	དེ་ལྟ་	NO_POS
ཕྱག་	ཕྱག་	NOUN
འཚལ་	འཚལ་	VERB
མཆོད་	མཆོད་	VERB
ཅིང་	ཅིང་	PART
གསོལ་	གསོལ་	VERB
བཏབ་	བཏབ་	VERB
མཐུ་	མཐུ་	NOUN
ས་	གིས་	PART
།		PUNCT
		
།		PUNCT
བདག་	བདག་	PRON
དང་	དང་	NO_POS
མཐའ་	མཐའ་	NOUN
ཡ་		
སེམས་ཅན་	སེམས་ཅན་	NOUN
ཐམས་ཅད་	ཐམས་ཅད་	DET
ཀུན་	ཀུན་	DET
།		PUNCT
		
།		PUNCT
སྐྱེ་	སྐྱེ་	NOUN
ཞིང་	ཅིང་	PART
སྐྱེ་བ་	སྐྱེ་བ་	VERB
ར་	ལ་	PART
དལ་འབྱོར་	དལ་འབྱོར་	NOUN
རྟེན་	རྟེན་	NOUN
ཐོབ་	ཐོབ་	VERB
ཅིང་	ཅིང་	PART
།		PUNCT
		
།		PUNCT
རྣམ་དག་	རྣམ་དག་	ADJ
བཤེས་	བཤེས་	VERB
དང་	དང་	NO_POS
མཇལ་བ་	མཇལ་བ་	VERB
ར་	ལ་	PART
བྱིན་	བྱིན་	VERB
གྱིས་	གིས་	PART
རློབས་	རློབས་	VERB
།		PUNCT
		
།		PUNCT
ཚུལ་	ཚུལ་	NOUN
གནས་	གནས་	NOUN
ཐོས་བསམ་	ཐོས་བསམ་	NOUN
སྒོམ་པ་	སྒོམ་པ་	VERB
འི་	གི་	PART
ཕ་རོལ་	ཕ་རོལ་	NOUN
སོན་	སོན་	VERB
།		PUNCT
		
།		PUNCT
ངེས་འབྱུང་	ངེས་འབྱུང་	NOUN
བྱང་ཆུབ་	བྱང་ཆུབ་	NOUN
སེམས་	སེམས་	NOUN
གཉིས་	གཉིས་	NUM
གཏིང་	གཏིང་	NOUN
ན་	ནས་	PART
འབྱོངས་	འབྱོངས་	NO_POS
།		PUNCT
		
།		PUNCT
རླབས་ཆེན་	རླབས་ཆེན་	OTHER
རྒྱལ་སྲས་	རྒྱལ་སྲས་	NOUN
སྤྱོད་	སྤྱོད་	VERB
ལ་	ལ་	PART
དབང་	དབང་	NOUN
བསྒྱུར་	བསྒྱུར་	VERB
ན་	ནས་	PART
།		PUNCT
		
།		PUNCT
རང་གཞན་	རང་གཞན་	NOUN
དོན་	དོན་	NOUN
གཉིས་	གཉིས་	NUM
འགྲུབ་པ་	འགྲུབ་པ་	VERB
ར་	ལ་	PART
བྱིན་	བྱིན་	VERB
གྱིས་	གིས་	PART
རློབས་	རློབས་	VERB
།		PUNCT
ཁྱད་པར་	ཁྱད་པར་	NOUN
ནད་གདོན་	ནད་གདོན་	OTHER
སྡིག་སྒྲིབ་	སྡིག་སྒྲིབ་	NOUN
ཉེར་འཚེ་	ཉེར་འཚེ་	NO_POS
སོགས་	སོགས་	DET
།		PUNCT
		
།		PUNCT
དམ་ཆོས་	དམ་ཆོས་	NOUN
སྒྲུབ་པ་	སྒྲུབ་པ་	VERB
འི་	གི་	PART
འགལ་རྐྱེན་	འགལ་རྐྱེན་	NOUN
ཀུན་	ཀུན་	DET
ཞི་	ཞི་	VERB
ཞིང་	ཅིང་	PART
།		PUNCT
		
།		PUNCT
ཚེ་བསོད་	ཚེ་བསོད་	NO_POS
དཔལ་འབྱོར་	དཔལ་འབྱོར་	OTHER
ལུང་རྟོགས་	ལུང་རྟོགས་	PROPN
ཡེ་ཤེས་	ཡེ་ཤེས་	NOUN
དང་	དང་	NO_POS
།		PUNCT
		
།		PUNCT
ཕན་བདེ་	ཕན་བདེ་	OTHER
འི་	གི་	PART
དགེ་མཚན་	དགེ་མཚན་	OTHER
རྒྱས་པ་	རྒྱས་པ་	VERB
ར་	ལ་	PART
བྱིན་	བྱིན་	VERB
གྱིས་	གིས་	PART
རློབས་	རློབས་	VERB
།		PUNCT
		
།		PUNCT
ཨོཾ་	ཨོཾ་	X
ཏཱ་	ཏཱ་	NO_POS
རེ་	རེ་	DET
ཏུཏྟཱ་		NON_WORD
རེ་	རེ་	DET
ཏུ་རེ་	ཏུ་རེ་	NO_POS
མ་མ་	མ་མ་	NOUN
ཨཱ་	ཨཱ་	NO_POS
ཡུར་	ཡུར་	NO_POS
པུཎྱེ་		NON_WORD
ཛྙཱ་ན་	ཛྙཱ་ན་	PROPN
པུཥྚིཾ་		NON_WORD
ཀུ་རུ་	ཀུ་རུ་	NO_POS
སྭཱ་		NON_WORD
ཧཱ་		NON_WORD
།		PUNCT
ཞེ་	ཅེས་	PART
ཅུང་ཟད་	ཅུང་ཟད་	ADV
བཟླས་	བཟླས་	NO_POS
མཐ་	མཐའ་	NOUN
ར་	ལ་	PART
།		PUNCT
རྩེ་གཅིག་	རྩེ་གཅིག་	ADJ
བསྙེན་པ་	བསྙེན་པ་	VERB
ས་	གིས་	PART
གསོལ་བ་	གསོལ་བ་	VERB
བཏབ་པ་	བཏབ་པ་	VERB
འི་	གི་	PART
མཐུ་	མཐུ་	NOUN
ས་	གིས་	PART
།		PUNCT
		
།		PUNCT
བླ་མ་	བླ་མ་	NOUN
ཡིད་བཞིན་	ཡིད་བཞིན་	OTHER
འཁོར་ལོ་	འཁོར་ལོ་	NOUN
འི་	གི་	PART
ཐུགས་ཀ་	ཐུགས་ཀ་	NOUN
ན་	ནས་	PART
།		PUNCT
		
།		PUNCT
འོད་འཕྲོ་	འོད་འཕྲོ་	NO_POS
ས་	གིས་	PART
རིགས་	རིགས་	NOUN
བདག་	བདག་	PRON
ཚེ་	ཚེ་	NOUN
དཔག་མེད་པ་	དཔག་མེད་པ་	ADJ
དང་	དང་	NO_POS
།		PUNCT
		
།		PUNCT
དེ་	སྟེ་	PART
ཡི་	གི་	PART
གཙུག་ཏོར་	གཙུག་ཏོར་	PROPN
ནོར་བུ་	ནོར་བུ་	NOUN
འི་	གི་	PART
འོད་ཟེར་	འོད་ཟེར་	NOUN
གྱིས་	གིས་	PART
།		PUNCT
		
།		PUNCT
འཕགས་མ་	འཕགས་མ་	OTHER
རྣམ་པ་	རྣམ་པ་	NOUN
ར་	ལ་	PART
རྒྱལ་མ་	རྒྱལ་མ་	OTHER
འི་	གི་	PART
ཐུགས་རྒྱུད་	ཐུགས་རྒྱུད་	NOUN
བསྐུལ་	བསྐུལ་	VERB
།		PUNCT
		
།		PUNCT
ཀུན་	ཀུན་	DET
ཀྱང་	ཀྱང་	PART
ཐུགས་རྗེ་	ཐུགས་རྗེ་	NOUN
འི་	གི་	PART
འཇུག་པ་	འཇུག་པ་	VERB
ལྷག་པ་		
གཡོ་	གཡོ་	VERB
།		PUNCT
		
།		PUNCT
དཔག་ཡས་	དཔག་ཡས་	NO_POS
འོད་ཟེར་	འོད་ཟེར་	NOUN
ཕྱོགས་	ཕྱོགས་	NOUN
བཅུ་	བཅུ་	NUM
འི་	གི་	PART
ཞིང་	ཅིང་	PART
ཀུན་ཁྱབ་	ཀུན་ཁྱབ་	OTHER
།		PUNCT
		
།		PUNCT
བདག་	བདག་	PRON
གི་	གི་	PART
བླ་ཚེ་	བླ་ཚེ་	NO_POS
ཆད་ཉམས་	ཆད་ཉམས་	NO_POS
ཡར་་	ཡར་པ་	OTHER
དང་	དང་	NO_POS
།		PUNCT
		
།		PUNCT
འབྱུང་	འབྱུང་	VERB
བཞི་	བཞི་	NUM
འི་	གི་	PART
དྭངས་	དྭངས་	NO_POS
བཅུད་	བཅུད་	NOUN
འཁོར་འདས་	འཁོར་འདས་	NOUN
ཐམས་ཅད་	ཐམས་ཅད་	DET
ཀྱི་	གི་	PART
།		PUNCT
		
།		PUNCT
ཚེ་བསོད་	ཚེ་བསོད་	NO_POS
དཔལ་འབྱོར་	དཔལ་འབྱོར་	OTHER
ཡེ་ཤེས་	ཡེ་ཤེས་	NOUN
ཡོན་ཏན་	ཡོན་ཏན་	NOUN
ཀུན་	ཀུན་	DET
།		PUNCT
		
།		PUNCT
འོད་ཟེར་	འོད་ཟེར་	NOUN
སྣ་	སྣ་	NOUN
ལྔ་	ལྔ་	NUM
འི་	གི་	PART
རྣམ་པ་	རྣམ་པ་	NOUN
ར་	ལ་	PART
སྤྱན་	སྤྱན་	NOUN
དྲངས་	དྲངས་	NO_POS
ན་	ནས་	PART
།		PUNCT
		
།		PUNCT
རིགས་	རིགས་	NOUN
ཀྱི་	གི་	PART
བདག་པོ་	བདག་པོ་	NOUN
འི་	གི་	PART
ཕྱག་	ཕྱག་	NOUN
གི་	གི་	PART
བུམ་པ་	བུམ་པ་	NOUN
ར་	ལ་	PART
ཐིམ་	ཐིམ་	NO_POS
།		PUNCT
		
།		PUNCT
བདུད་རྩི་	བདུད་རྩི་	NOUN
འི་	གི་	PART
རྒྱུན་	རྒྱུན་	NOUN
ལུད་	ལུད་	NOUN
དེ་	སྟེ་	PART
དང་	དང་	NO_POS
ལྷན་ཅིག་	ལྷན་ཅིག་	OTHER
ཏུ་	ལ་	PART
།		PUNCT
		
།		PUNCT
ཚོགས་	ཚོགས་	NOUN
ཞིང་	ཅིང་	PART
ཀུན་	ཀུན་	DET
གྱི་	གི་	PART
སྐུ་	སྐུ་	NOUN
ཡི་	གི་	PART
ཆ་ཤས་	ཆ་ཤས་	NOUN
ལ་	ལ་	ADP
ས་	གིས་	PART
།		PUNCT
		
།		PUNCT
འཆི་མེད་	འཆི་མེད་	NOUN
གྲུབ་པ་	གྲུབ་པ་	VERB
འི་	གི་	PART
ཟིལ་དངར་	ཟིལ་དངར་	OTHER
ཆ་	ཆ་	NOUN
ར་	ལ་	PART
ལྟ་	ལྟ་	OTHER
བབ་	བབ་	VERB
།		PUNCT
		
།		PUNCT
རང་	རང་	PRON
གི་	གི་	PART
སྤྱི་བོ་	སྤྱི་བོ་	NOUN
ཚངས་པ་	ཚངས་པ་	PROPN
འི་	གི་	PART
སྒོ་	སྒོ་	NOUN
ན་	ནས་	PART
ཞུགས་	ཞུགས་	VERB
།		PUNCT
		
།		PUNCT
ལུས་	ལུས་	NOUN
ཀྱི་	གི་	PART
ནང་	ནང་	NOUN
གང་	གང་	NO_POS
ནད་གདོན་	ནད་གདོན་	OTHER
སྡིག་སྒྲིབ་	སྡིག་སྒྲིབ་	NOUN
སྦྱངས་	སྦྱངས་	VERB
།		PUNCT
		
།		PUNCT
བླ་ཚེ་	བླ་ཚེ་	NO_POS
ཆད་ཉམས་	ཆད་ཉམས་	NO_POS
ཡར་་	ཡར་པ་	OTHER
རང་སོ་		
ཆུད་	ཆུད་	VERB
།		PUNCT
		
།		PUNCT
ཚེ་བསོད་	ཚེ་བསོད་	NO_POS
དཔལ་འབྱོར་	དཔལ་འབྱོར་	OTHER
ལུང་རྟོགས་	ལུང་རྟོགས་	PROPN
ཡོན་ཏན་	ཡོན་ཏན་	NOUN
རྒྱ་	རྒྱ་	VERB
།		PUNCT
		
།		PUNCT
འཆི་མེད་	འཆི་མེད་	NOUN
གཉུག་	གཉུག་	NO_POS
མ་	མ་	PART
འི་	གི་	PART
གོ་འཕང་	གོ་འཕང་	NOUN
ཐོབ་པ་	ཐོབ་པ་	VERB
ར་	ལ་	PART
གྱུར་	གྱུར་	VERB
།		PUNCT
		
།		PUNCT
ཨོཾ་	ཨོཾ་	X
ཨ་	ཨ་	X
མཱ་	མཱ་	NO_POS
ར་	ར་	ADP
ཎི་		NON_WORD
ཛཱི་		NON_WORD
ཝནྟི་		NON_WORD
ཡེ་	ཡེ་	ADV
སྭཱ་		NON_WORD
ཧཱ་		NON_WORD
།		PUNCT
ཞེ་	ཅེས་	PART
ཅི་	ཅི་	NO_POS
ནུས་	ནུས་	VERB
དང་	དང་	NO_POS
།		PUNCT
		
ཚེ་	ཚེ་	NOUN
གཟུངས་	གཟུངས་	NOUN
།		PUNCT
		
རྣམ་རྒྱལ་	རྣམ་རྒྱལ་	NOUN
མ་	མ་	PART
འི་	གི་	PART
གཟུངས་རིང་	གཟུངས་རིང་	NO_POS
ཐུང་	ཐུང་	VERB
འབྲིང་པོ་	འབྲིང་པོ་	ADJ
བཅའ་	བཅའ་	VERB
།		PUNCT
		
སྒྲོལ་	སྒྲོལ་	VERB
དཀ་	དཀའ་	VERB
ར་	ལ་	PART
གྱི་	གི་	PART
སྙིང་པོ་	སྙིང་པོ་	NOUN
རྣམས་	རྣམས་	DET
ཇི་ལྟ་		
རིགས་པ་	རིགས་པ་	VERB
བཟླས་	བཟླས་	NO_POS
མཐ་	མཐའ་	NOUN
ར་	ལ་	PART
།		PUNCT
ཐུན་	ཐུན་	NOUN
བསྡུ་བ་	བསྡུ་བ་	VERB
ན་	ལ་	PART
།		PUNCT
ཚོགས་	ཚོགས་	NOUN
ཞིང་	ཅིང་	PART
ཐམས་ཅད་	ཐམས་ཅད་	DET
འོད་ཞུ་	འོད་ཞུ་	NO_POS
རང་	རང་	PRON
ལ་	ལ་	PART
ཐིམ་	ཐིམ་	NO_POS
།		PUNCT
		
།		PUNCT
རང་	རང་	PRON
གི་	གི་	PART
སྒོ་གསུམ་	སྒོ་གསུམ་	OTHER
གཉུག་	གཉུག་	NO_POS
མ་	མ་	PART
འི་	གི་	PART
ཡེ་ཤེས་	ཡེ་ཤེས་	NOUN
དང་	དང་	NO_POS
།		PUNCT
		
།		PUNCT
སྐྱབས་ཡུལ་	སྐྱབས་ཡུལ་	NO_POS
རྣམས་	རྣམས་	DET
ཀྱི་	གི་	PART
གསང་	གསང་	VERB
གསུམ་	གསུམ་	NUM
དབྱེ་	དབྱེ་	VERB
ར་	ལ་	PART
མེད་	མེད་	VERB
ངང་	ངང་	NOUN
།		PUNCT
		
།		PUNCT
གནས་ལུགས་	གནས་ལུགས་	VERB
འོད་གསལ་	འོད་གསལ་	NOUN
ཆོས་སྐུ་	ཆོས་སྐུ་	NOUN
འི་	གི་	PART
རང་ཞལ་	རང་ཞལ་	OTHER
བལྟ་	བལྟ་	VERB
།		PUNCT
		
།		PUNCT
ཞེས་་	ཞེས་པ་	PART
འི་	གི་	PART
དོན་	དོན་	NOUN
ལ་	ལ་	PART
ཅུང་ཟད་	ཅུང་ཟད་	ADV
མཉམ་པ་	མཉམ་པ་	VERB
ར་	ལ་	PART
བཞག་	བཞག་	VERB
		
།		PUNCT
སླར་ཡང་	སླར་ཡང་	OTHER
།		PUNCT
དགེ་བ་	དགེ་བ་	VERB
འདི་	འདི་	DET
ཡི་	གིས་	PART
བདག་	བདག་	PRON
སོགས་	སོགས་	DET
སེམས་ཅན་	སེམས་ཅན་	NOUN
ཀུན་	ཀུན་	DET
།		PUNCT
		
།		PUNCT
ཚེ་	ཚེ་	NOUN
འདི་	འདི་	DET
ར་	ལ་	PART
ཚེ་རིང་	ཚེ་རིང་	NOUN
ནད་མེད་	ནད་མེད་	ADJ
དམ་ཆོས་	དམ་ཆོས་	NOUN
ལྡན་	ལྡན་	VERB
།		PUNCT
		
།		PUNCT
ཕྱི་མ་	ཕྱི་མ་	ADJ
བདེ་བ་	བདེ་བ་	VERB
ཅན་	ཅན་	PART
གྱི་	གི་	PART
ཞིང་	ཅིང་	PART
སྐྱེ་	སྐྱེ་	VERB
ན་	ནས་	PART
།		PUNCT
		
།		PUNCT
ཚེ་	ཚེ་	NOUN
དཔག་མེད་	དཔག་མེད་	ADJ
མགོན་	མགོན་	NOUN
གོ་འཕང་	གོ་འཕང་	NOUN
མྱུར་	མྱུར་	VERB
ཐོབ་	ཐོབ་	VERB
ཤོག་	ཤོག་	VERB
		
།		PUNCT
ཅེས་	ཅེས་	PART
སོགས་	སོགས་	DET
བསྔོ་སྨོན་	བསྔོ་སྨོན་	NO_POS
ཤིས་བརྗོད་	ཤིས་བརྗོད་	OTHER
དང་	དང་	NO_POS
བཅའ་	བཅའ་	VERB
ཏེ་	སྟེ་	PART
སྤྱོད་ལམ་	སྤྱོད་ལམ་	NOUN
ལ་	ལ་	PART
འཇུག་	འཇུག་	VERB
		
།		PUNCT
ཐུན་	ཐུན་	NOUN
མཚམས་	མཚམས་	NOUN
ཐམས་ཅད་	ཐམས་ཅད་	DET
དུའང་		NON_WORD
རྟེན་	རྟེན་	NOUN
རིང་བསྲེལ་	རིང་བསྲེལ་	NOUN
གྱི་	གི་	PART
སྙིང་པོ་	སྙིང་པོ་	NOUN
ཅན་	ཅན་	PART
ལ་	ལ་	PART
ཕྱག་	ཕྱག་	NOUN
བསྐོར་	བསྐོར་	VERB
བྱ་བ་	བྱ་བ་	VERB
།		PUNCT
མདོ་	མདོ་	NOUN
བཀླག་པ་	བཀླག་པ་	VERB
།		PUNCT
		
སཱཙྪ་		NON_WORD
གདབ་པ་	གདབ་པ་	VERB
།		PUNCT
		
ཆུ་	ཆུ་	NOUN
གཏོ་	གཏོ་	VERB
སོགས་	སོགས་	DET
དགེ་བ་	དགེ་བ་	VERB
འི་	གི་	PART
བྱ་བ་	བྱ་བ་	VERB
ལ་	ལ་	PART
བརྩོན་	བརྩོན་	VERB
།		PUNCT
དེ་ལྟ་	དེ་ལྟ་	NO_POS
རྩེ་གཅིག་	རྩེ་གཅིག་	ADJ
འབད་པ་	འབད་པ་	VERB
ས་	གིས་	PART
གནས་སྐབས་	གནས་སྐབས་	NOUN
ནད་གདོན་	ནད་གདོན་	OTHER
སྡིག་སྒྲིབ་	སྡིག་སྒྲིབ་	NOUN
ཐམས་ཅད་	ཐམས་ཅད་	DET
ཞི་བ་	ཞི་བ་	VERB
དང་	དང་	NO_POS
།		PUNCT
		
ཚེ་	ཚེ་	NOUN
དང་	དང་	NO_POS
།		PUNCT
		
བསོད་ནམས་	བསོད་ནམས་	NOUN
དང་	དང་	NO_POS
།		PUNCT
		
བློ་གྲོས་	བློ་གྲོས་	NOUN
རྒྱས་པ་	རྒྱས་པ་	VERB
སོགས་	སོགས་	DET
ཕན་ཡོན་	ཕན་ཡོན་	NOUN
དཔག་	དཔག་	VERB
ཏུ་	ལ་	PART
མེད་	མེད་	VERB
ཅིང་	ཅིང་	PART
།		PUNCT
ཤི་འཕོས་	ཤི་འཕོས་	NO_POS
ན་	ནས་	PART
ཀྱང་	ཀྱང་	PART
དག་པ་	དག་པ་	VERB
འི་	གི་	PART
ཞིང་ཁམས་	ཞིང་ཁམས་	NOUN
བདེ་བ་	བདེ་བ་	VERB
ཅན་	ཅན་	PART
དུ་	ལ་	PART
སྐྱེ་	སྐྱེ་	VERB
ན་	ནས་	PART
མྱུར་	མྱུར་	VERB
དུ་	ལ་	PART
བྱང་ཆུབ་	བྱང་ཆུབ་	NOUN
ཆེན་པོ་	ཆེན་པོ་	ADJ
ར་	ལ་	PART
ལུང་བསྟན་	ལུང་བསྟན་	NOUN
ཐོབ་པ་	ཐོབ་པ་	VERB
ར་	ལ་	PART
འགྱུར་བ་	འགྱུར་བ་	VERB
ནི་	ནི་	NO_POS
ངེས་པ་	ངེས་པ་	VERB
འོ་	གོ་	PART
"།
།"		PUNCT
འདི་	འདི་	DET
ཡང་	ཀྱང་	PART
བླ་མ་	བླ་མ་	NOUN
འི་	གི་	PART
བྱིན་རླབས་	བྱིན་རླབས་	NOUN
ནི་	ནི་	NO_POS
།		PUNCT
		
།		PUNCT
བདུད་རྩི་	བདུད་རྩི་	NOUN
ས་	གིས་	PART
ཕྱེས་པ་	ཕྱེས་པ་	VERB
འི་	གི་	PART
ཨུཏྤལ་	ཨུཏྤལ་	NO_POS
ཏེ་	སྟེ་	PART
།		PUNCT
		
།		PUNCT
ཟབ་	ཟབ་	VERB
དོན་	དོན་	NOUN
བཅུད་	བཅུད་	NOUN
ཀྱིས་	གིས་	PART
འགྲོ་བ་	འགྲོ་བ་	VERB
ཀུན་	ཀུན་	DET
།		PUNCT
		
།		PUNCT
འཆི་མེད་	འཆི་མེད་	NOUN
གྲུབ་པ་	གྲུབ་པ་	VERB
ཉིད་	ཉིད་	DET
གྱུར་ཅིག་	གྱུར་ཅིག་	NO_POS
།		PUNCT
ཅེས་པ་	ཅེས་པ་	PART
འང་	ཀྱང་	PART
འཇམ་དབྱངས་	འཇམ་དབྱངས་	PROPN
མཁྱེན་བརྩེ་	མཁྱེན་བརྩེ་	PROPN
འི་	གི་	PART
དབང་པོ་	དབང་པོ་	NOUN
ས་	གིས་	PART
སོ་	གོ་	PART
།		PUNCT
		
།		PUNCT
མངྒ་		NON_WORD
ལཾ་		NON_WORD
བྷ་བ་	བྷ་བ་	NO_POS
ཏུ་	ལ་	PART
།།		PUNCT
		
།།		PUNCT
